name,weight_kg,base_total,capture_rate,puntos
Wishiwashi,0.002000400080016003,7.333333333333333,60,1.0
Uxie,0.002000400080016003,6.666666666666667,3,0.9090909090909092
Mesprit,0.002000400080016003,6.666666666666667,3,0.9090909090909092
Azelf,0.002000400080016003,6.666666666666667,3,0.9090909090909092
Rotom,0.002000400080016003,5.666666666666667,45,0.7727272727272728
Comfey,0.002000400080016003,5.083333333333333,60,0.6931818181818181
